year,region,population,births,deaths
1998,Japan,125252000,1203147,936484
1998,Hokkaido,5689000,49065,41755
1998,Aomori,1475000,13594,12752
1998,Iwate,1414000,12778,12376
1998,Miyagi,2346000,22312,16408
1998,Akita,1199000,9367,11515
1998,Yamagata,1250000,11030,11498
1998,Fukushima,2129000,20743,18321
1998,Ibaraki,2961000,28602,22154
1998,Tochigi,1985000,18836,15257
1998,Gunma,1995000,19422,15784
1998,Saitama,6833000,67144,39382
1998,Chiba,5832000,54961,36410
1998,Tokyo,11639000,98960,80793
1998,Kanagawa,8298000,83104,49462
1998,Niigata,2484000,22661,21273
1998,Toyama,1119000,10117,9765
1998,Ishikawa,1179000,11642,9418
1998,Fukui,821000,8269,6750
1998,Yamanashi,881000,8578,7311
1998,Nagano,2185000,21436,18668
1998,Gifu,2089000,20447,15943
1998,Shizuoka,3718000,35921,27178
1998,Aichi,6870000,75206,44163
1998,Mie,1837000,17829,15069
1998,Shiga,1305000,14032,8952
1998,Kyoto,2590000,24312,19868
1998,Osaka,8639000,90324,59647
1998,Hyogo,5383000,54421,40931
1998,Nara,1439000,13779,10345
1998,Wakayama,1072000,9886,10037
1998,Tottori,612000,5624,5585
1998,Shimane,762000,6491,7384
1998,Okayama,1946000,19204,16340
1998,Hiroshima,2865000,27914,22705
1998,Yamaguchi,1532000,13275,14826
1998,Tokushima,829000,7255,7649
1998,Kagawa,1025000,9664,9104
1998,Ehime,1498000,13606,13683
1998,Kochi,810000,6761,8076
1998,Fukuoka,4963000,47811,38018
1998,Saga,882000,8741,7853
1998,Nagasaki,1526000,14672,13343
1998,Kumamoto,1862000,17443,15495
1998,Oita,1224000,11129,10859
1998,Miyazaki,1174000,11335,9790
1998,Kagoshima,1788000,16227,16709
1998,Okinawa,1295000,16928,7643
1999,Japan,125432000,1177669,982031
1999,Hokkaido,5684000,46680,44414
1999,Aomori,1473000,13146,13445
1999,Iwate,1411000,12420,13364
1999,Miyagi,2350000,21886,17594
1999,Akita,1194000,9168,12142
1999,Yamagata,1246000,10815,12310
1999,Fukushima,2128000,20497,19215
1999,Ibaraki,2967000,28261,23373
1999,Tochigi,1989000,18485,15851
1999,Gunma,1999000,19111,16683
1999,Saitama,6866000,65711,41067
1999,Chiba,5862000,54005,38278
1999,Tokyo,11641000,97959,85427
1999,Kanagawa,8349000,81792,51440
1999,Niigata,2480000,21812,22565
1999,Toyama,1118000,10139,10213
1999,Ishikawa,1180000,11290,9867
1999,Fukui,821000,8053,7014
1999,Yamanashi,882000,8318,7581
1999,Nagano,2187000,20765,19471
1999,Gifu,2091000,20151,16880
1999,Shizuoka,3723000,35395,28753
1999,Aichi,6903000,73738,45878
1999,Mie,1839000,17375,15232
1999,Shiga,1315000,14040,9423
1999,Kyoto,2590000,23831,20690
1999,Osaka,8641000,88385,61724
1999,Hyogo,5407000,53765,41965
1999,Nara,1441000,13158,10569
1999,Wakayama,1070000,9563,10185
1999,Tottori,612000,5352,5851
1999,Shimane,760000,6394,8204
1999,Okayama,1947000,18771,17414
1999,Hiroshima,2863000,27119,23735
1999,Yamaguchi,1528000,13138,15468
1999,Tokushima,827000,7135,8046
1999,Kagawa,1025000,9651,9325
1999,Ehime,1493000,13046,14295
1999,Kochi,808000,6649,8648
1999,Fukuoka,4974000,46682,39905
1999,Saga,881000,8551,7912
1999,Nagasaki,1521000,14121,13882
1999,Kumamoto,1862000,17109,16810
1999,Oita,1222000,10714,11438
1999,Miyazaki,1174000,10938,10141
1999,Kagoshima,1786000,15663,18060
1999,Okinawa,1306000,16680,7880
2000,Japan,125612633,1190547,961653
2000,Hokkaido,5670558,46780,43407
2000,Aomori,1472690,12920,13147
2000,Iwate,1412338,12410,12517
2000,Miyagi,2354916,22154,17127
2000,Akita,1186209,9007,12026
2000,Yamagata,1239132,10919,11842
2000,Fukushima,2118100,20332,18642
2000,Ibaraki,2954817,28220,22877
2000,Tochigi,1983723,18976,15613
2000,Gunma,1996251,19445,16144
2000,Saitama,6875484,66376,40486
2000,Chiba,5868599,55318,37238
2000,Tokyo,11850305,100209,83849
2000,Kanagawa,8390552,82906,50539
2000,Niigata,2466374,21886,21835
2000,Toyama,1113787,10170,9734
2000,Ishikawa,1174630,11467,9391
2000,Fukui,819080,8036,6931
2000,Yamanashi,877168,8374,7297
2000,Nagano,2181873,21194,19320
2000,Gifu,2081092,20276,16577
2000,Shizuoka,3714992,35794,28323
2000,Aichi,6932577,74736,45810
2000,Mie,1833408,17726,15292
2000,Shiga,1324040,14087,9232
2000,Kyoto,2599052,23997,20233
2000,Osaka,8633901,88163,61315
2000,Hyogo,5467653,54455,41724
2000,Nara,1434340,13270,10362
2000,Wakayama,1065104,9566,10225
2000,Tottori,610224,5645,5935
2000,Shimane,757072,6522,7700
2000,Okayama,1938268,19059,16907
2000,Hiroshima,2855782,27384,23188
2000,Yamaguchi,1515291,13121,15126
2000,Tokushima,821369,7224,7940
2000,Kagawa,1017973,9808,9433
2000,Ehime,1488550,13207,13757
2000,Kochi,811516,6811,8306
2000,Fukuoka,4984938,47290,38505
2000,Saga,874068,8745,7899
2000,Nagasaki,1511864,14098,13519
2000,Kumamoto,1854933,17262,15973
2000,Oita,1216436,10910,11289
2000,Miyazaki,1167555,11037,9906
2000,Kagoshima,1782567,16272,16993
2000,Okinawa,1311482,16773,7946
2001,Japan,125908000,1170662,970331
2001,Hokkaido,5666000,46236,43642
2001,Aomori,1471000,12889,13281
2001,Iwate,1409000,12272,13039
2001,Miyagi,2359000,21751,17300
2001,Akita,1180000,8874,11872
2001,Yamagata,1235000,10907,12063
2001,Fukushima,2115000,20008,19013
2001,Ibaraki,2957000,27864,23056
2001,Tochigi,1987000,18911,15692
2001,Gunma,1999000,19024,16141
2001,Saitama,6909000,65417,41467
2001,Chiba,5907000,54511,37810
2001,Tokyo,11912000,98421,84586
2001,Kanagawa,8466000,81839,51893
2001,Niigata,2462000,21301,22267
2001,Toyama,1113000,9994,9780
2001,Ishikawa,1175000,11342,9440
2001,Fukui,819000,7958,6850
2001,Yamanashi,877000,8126,7528
2001,Nagano,2186000,20889,19356
2001,Gifu,2081000,19603,16522
2001,Shizuoka,3722000,35193,28914
2001,Aichi,6970000,73057,46477
2001,Mie,1835000,17094,15052
2001,Shiga,1333000,14015,9390
2001,Kyoto,2601000,23364,20028
2001,Osaka,8649000,86000,61708
2001,Hyogo,5489000,52585,42123
2001,Nara,1434000,12768,10432
2001,Wakayama,1061000,9345,10297
2001,Tottori,610000,5595,5822
2001,Shimane,756000,6640,7666
2001,Okayama,1940000,18797,16992
2001,Hiroshima,2856000,27328,23431
2001,Yamaguchi,1511000,12989,14965
2001,Tokushima,819000,7038,7979
2001,Kagawa,1017000,9472,9169
2001,Ehime,1486000,13006,13985
2001,Kochi,810000,6736,8308
2001,Fukuoka,5001000,46985,38640
2001,Saga,873000,8561,7815
2001,Nagasaki,1508000,13789,13430
2001,Kumamoto,1856000,16960,16017
2001,Oita,1215000,10891,11054
2001,Miyazaki,1166000,11007,10232
2001,Kagoshima,1779000,15943,17445
2001,Okinawa,1322000,17169,8132
2002,Japan,126008000,1153855,982379
2002,Hokkaido,5656000,46101,44328
2002,Aomori,1465000,12434,13446
2002,Iwate,1403000,11862,12941
2002,Miyagi,2359000,21474,17560
2002,Akita,1173000,8456,12204
2002,Yamagata,1230000,10489,12016
2002,Fukushima,2110000,19466,18821
2002,Ibaraki,2954000,27337,23722
2002,Tochigi,1986000,18376,16049
2002,Gunma,1999000,18763,16474
2002,Saitama,6928000,64762,42662
2002,Chiba,5929000,54607,39748
2002,Tokyo,11980000,100118,85162
2002,Kanagawa,8516000,81498,53300
2002,Niigata,2455000,20221,22249
2002,Toyama,1111000,9854,9723
2002,Ishikawa,1174000,10886,9584
2002,Fukui,818000,7758,6977
2002,Yamanashi,876000,7919,7458
2002,Nagano,2182000,20324,19603
2002,Gifu,2079000,19617,16905
2002,Shizuoka,3724000,35212,28894
2002,Aichi,7000000,71823,47155
2002,Mie,1833000,17190,15307
2002,Shiga,1339000,13938,9286
2002,Kyoto,2598000,22859,20320
2002,Osaka,8649000,83883,62099
2002,Hyogo,5496000,52314,42031
2002,Nara,1430000,12472,10588
2002,Wakayama,1056000,8943,10167
2002,Tottori,609000,5365,5870
2002,Shimane,752000,6318,7837
2002,Okayama,1939000,18509,17041
2002,Hiroshima,2854000,26508,23468
2002,Yamaguchi,1506000,12578,15085
2002,Tokushima,817000,6836,7847
2002,Kagawa,1015000,9438,9454
2002,Ehime,1481000,12488,14008
2002,Kochi,808000,6513,8393
2002,Fukuoka,5011000,46443,39414
2002,Saga,871000,8202,7817
2002,Nagasaki,1502000,13260,13805
2002,Kumamoto,1853000,16839,16558
2002,Oita,1214000,10424,11211
2002,Miyazaki,1164000,10657,10181
2002,Kagoshima,1775000,15755,17473
2002,Okinawa,1332000,16571,8037
2003,Japan,126139000,1123610,1014951
2003,Hokkaido,5645000,44939,46247
2003,Aomori,1458000,11723,13995
2003,Iwate,1396000,11376,13574
2003,Miyagi,2360000,20829,18151
2003,Akita,1164000,8062,12599
2003,Yamagata,1224000,10087,12402
2003,Fukushima,2103000,18824,19616
2003,Ibaraki,2953000,26523,24630
2003,Tochigi,1986000,18122,16905
2003,Gunma,2000000,18337,16935
2003,Saitama,6952000,63224,44187
2003,Chiba,5955000,52789,40579
2003,Tokyo,12059000,98534,87500
2003,Kanagawa,8570000,80262,54738
2003,Niigata,2448000,19719,23163
2003,Toyama,1109000,9362,10494
2003,Ishikawa,1173000,10906,10068
2003,Fukui,817000,7446,7243
2003,Yamanashi,873000,7720,7687
2003,Nagano,2179000,19735,19822
2003,Gifu,2078000,19156,17118
2003,Shizuoka,3726000,34061,29813
2003,Aichi,7028000,70236,48476
2003,Mie,1833000,16497,15872
2003,Shiga,1345000,13624,9801
2003,Kyoto,2597000,22371,20669
2003,Osaka,8652000,81001,64405
2003,Hyogo,5504000,50520,43850
2003,Nara,1428000,12137,10795
2003,Wakayama,1051000,8561,10404
2003,Tottori,607000,5473,6075
2003,Shimane,749000,6092,8050
2003,Okayama,1940000,17770,17661
2003,Hiroshima,2854000,26285,24290
2003,Yamaguchi,1500000,12166,15310
2003,Tokushima,813000,6556,8335
2003,Kagawa,1014000,9123,9556
2003,Ehime,1477000,12534,14715
2003,Kochi,804000,6244,8493
2003,Fukuoka,5018000,45035,40770
2003,Saga,869000,7898,8146
2003,Nagasaki,1496000,12971,14152
2003,Kumamoto,1849000,16339,17069
2003,Oita,1211000,10213,11555
2003,Miyazaki,1161000,10220,10641
2003,Kagoshima,1770000,15535,17800
2003,Okinawa,1342000,16303,8433
2004,Japan,126176000,1110721,1028602
2004,Hokkaido,5630000,44020,47335
2004,Aomori,1448000,11554,14372
2004,Iwate,1389000,11167,13757
2004,Miyagi,2358000,20236,18525
2004,Akita,1155000,7998,12705
2004,Yamagata,1218000,9920,12642
2004,Fukushima,2095000,18306,20015
2004,Ibaraki,2950000,26167,24343
2004,Tochigi,1987000,17816,16779
2004,Gunma,1997000,17745,17267
2004,Saitama,6967000,61946,44987
2004,Chiba,5967000,52983,41641
2004,Tokyo,12123000,99272,88767
2004,Kanagawa,8613000,79441,55425
2004,Niigata,2440000,19531,23511
2004,Toyama,1107000,9396,10396
2004,Ishikawa,1172000,10528,9976
2004,Fukui,814000,7283,7449
2004,Yamanashi,871000,7527,7842
2004,Nagano,2175000,19323,20501
2004,Gifu,2074000,18363,17705
2004,Shizuoka,3725000,33628,29809
2004,Aichi,7056000,70417,49457
2004,Mie,1833000,16287,16030
2004,Shiga,1351000,13627,9658
2004,Kyoto,2596000,22066,21129
2004,Osaka,8653000,79719,65160
2004,Hyogo,5508000,49789,44494
2004,Nara,1423000,11749,11124
2004,Wakayama,1045000,8153,10600
2004,Tottori,606000,5275,6166
2004,Shimane,744000,6104,8212
2004,Okayama,1938000,17655,17489
2004,Hiroshima,2852000,25734,24435
2004,Yamaguchi,1493000,12020,15702
2004,Tokushima,809000,6493,8367
2004,Kagawa,1012000,9068,9709
2004,Ehime,1471000,12057,14664
2004,Kochi,800000,6084,8723
2004,Fukuoka,5025000,45143,41144
2004,Saga,866000,7844,8214
2004,Nagasaki,1489000,12947,14187
2004,Kumamoto,1846000,16313,17076
2004,Oita,1208000,10024,11733
2004,Miyazaki,1158000,10267,10578
2004,Kagoshima,1764000,15198,18200
2004,Okinawa,1352000,16362,8610
2005,Japan,126204902,1062530,1083796
2005,Hokkaido,5612068,41420,49982
2005,Aomori,1432727,10524,14882
2005,Iwate,1379659,10545,14638
2005,Miyagi,2348339,19326,19765
2005,Akita,1141865,7697,13061
2005,Yamagata,1209795,9357,13255
2005,Fukushima,2081248,17538,20981
2005,Ibaraki,2937843,24244,25839
2005,Tochigi,1990257,17363,18091
2005,Gunma,1989184,17134,18546
2005,Saitama,6974003,59731,48095
2005,Chiba,5983085,50588,44021
2005,Tokyo,12325038,96542,93599
2005,Kanagawa,8675683,76196,58801
2005,Niigata,2420575,18505,24396
2005,Toyama,1101133,8973,10861
2005,Ishikawa,1166366,10049,10376
2005,Fukui,810772,7148,7772
2005,Yamanashi,870939,7149,8291
2005,Nagano,2161328,18517,21369
2005,Gifu,2070404,17706,18511
2005,Shizuoka,3721561,31908,31747
2005,Aichi,7103849,67110,52536
2005,Mie,1832672,15345,17154
2005,Shiga,1357591,12899,10419
2005,Kyoto,2601322,21560,22134
2005,Osaka,8640236,76111,68648
2005,Hyogo,5504338,47273,46657
2005,Nara,1412450,11184,11880
2005,Wakayama,1030942,7835,11251
2005,Tottori,603156,5012,6303
2005,Shimane,737753,5697,8557
2005,Okayama,1942414,16688,18428
2005,Hiroshima,2849333,24740,25579
2005,Yamaguchi,1480129,11514,16522
2005,Tokushima,805743,5913,8609
2005,Kagawa,1006383,8686,10265
2005,Ehime,1461038,11528,15469
2005,Kochi,793365,5916,9119
2005,Fukuoka,5011273,43421,42675
2005,Saga,863046,7508,8546
2005,Nagasaki,1472955,12148,14866
2005,Kumamoto,1835575,15645,17906
2005,Oita,1202682,9780,12160
2005,Miyazaki,1149818,9738,11167
2005,Kagoshima,1748272,14834,18980
2005,Okinawa,1354695,16115,9021
2006,Japan,126154000,1092674,1084451
2006,Hokkaido,5585000,42204,50229
2006,Aomori,1419000,10556,14733
2006,Iwate,1370000,10556,14552
2006,Miyagi,2343000,19706,19796
2006,Akita,1130000,7726,13558
2006,Yamagata,1201000,9513,13231
2006,Fukushima,2070000,17541,20528
2006,Ibaraki,2934000,25128,26061
2006,Tochigi,1988000,17647,17947
2006,Gunma,1985000,17061,18061
2006,Saitama,6989000,61201,48579
2006,Chiba,5999000,51762,44778
2006,Tokyo,12405000,101674,93596
2006,Kanagawa,8710000,79118,58898
2006,Niigata,2408000,18985,23939
2006,Toyama,1098000,8965,10963
2006,Ishikawa,1163000,10235,10294
2006,Fukui,808000,7324,7725
2006,Yamanashi,867000,7094,8380
2006,Nagano,2154000,18775,21117
2006,Gifu,2064000,18092,18638
2006,Shizuoka,3719000,32905,32001
2006,Aichi,7136000,69999,52294
2006,Mie,1832000,15816,17156
2006,Shiga,1363000,13448,10507
2006,Kyoto,2598000,22100,22419
2006,Osaka,8642000,77641,69007
2006,Hyogo,5506000,48771,46476
2006,Nara,1407000,11476,11684
2006,Wakayama,1023000,7930,11031
2006,Tottori,600000,5186,6328
2006,Shimane,732000,6011,8453
2006,Okayama,1938000,17279,18317
2006,Hiroshima,2846000,25330,25722
2006,Yamaguchi,1471000,11692,16415
2006,Tokushima,801000,6257,8721
2006,Kagawa,1003000,8664,10241
2006,Ehime,1453000,11752,15335
2006,Kochi,787000,6015,8927
2006,Fukuoka,5015000,45304,43270
2006,Saga,859000,7647,8447
2006,Nagasaki,1461000,12410,14941
2006,Kumamoto,1829000,16189,18084
2006,Oita,1199000,10156,12092
2006,Miyazaki,1145000,10094,11138
2006,Kagoshima,1738000,15080,18828
2006,Okinawa,1361000,16483,9121
2007,Japan,126085000,1089818,1108334
2007,Hokkaido,5553000,41550,51456
2007,Aomori,1403000,10162,14968
2007,Iwate,1359000,10344,14768
2007,Miyagi,2336000,19810,20347
2007,Akita,1117000,7502,13743
2007,Yamagata,1192000,9139,13242
2007,Fukushima,2057000,17101,21339
2007,Ibaraki,2929000,24829,26244
2007,Tochigi,1985000,17233,18184
2007,Gunma,1980000,16817,18498
2007,Saitama,7003000,60818,50134
2007,Chiba,6019000,51821,45473
2007,Tokyo,12488000,103837,96354
2007,Kanagawa,8754000,79193,61093
2007,Niigata,2394000,18724,25126
2007,Toyama,1093000,8728,11194
2007,Ishikawa,1161000,10294,10717
2007,Fukui,804000,7191,7886
2007,Yamanashi,863000,6988,8347
2007,Nagano,2145000,18618,21910
2007,Gifu,2059000,17696,18910
2007,Shizuoka,3717000,33274,32507
2007,Aichi,7173000,70218,53618
2007,Mie,1831000,15716,17141
2007,Shiga,1369000,13343,10649
2007,Kyoto,2591000,21597,22619
2007,Osaka,8641000,76914,70283
2007,Hyogo,5505000,48685,47877
2007,Nara,1401000,11261,11902
2007,Wakayama,1015000,7689,11256
2007,Tottori,596000,5015,6601
2007,Shimane,726000,5914,8660
2007,Okayama,1935000,17099,18325
2007,Hiroshima,2842000,25887,26070
2007,Yamaguchi,1462000,11714,16736
2007,Tokushima,796000,6011,8484
2007,Kagawa,999000,8701,10428
2007,Ehime,1445000,11753,15427
2007,Kochi,779000,5717,9071
2007,Fukuoka,5016000,46393,43919
2007,Saga,856000,7703,8787
2007,Nagasaki,1447000,12175,15310
2007,Kumamoto,1820000,16307,18375
2007,Oita,1196000,10162,12188
2007,Miyazaki,1139000,10337,11361
2007,Kagoshima,1726000,15090,19493
2007,Okinawa,1366000,16588,9399
2008,Japan,125947000,1091156,1142407
2008,Hokkaido,5517000,41074,52955
2008,Aomori,1388000,10187,15400
2008,Iwate,1347000,10223,15026
2008,Miyagi,2329000,19863,20657
2008,Akita,1105000,7421,13638
2008,Yamagata,1182000,9164,13719
2008,Fukushima,2043000,16908,21583
2008,Ibaraki,2923000,24592,27466
2008,Tochigi,1981000,17240,18437
2008,Gunma,1975000,17044,18935
2008,Saitama,7019000,60520,51730
2008,Chiba,6039000,52306,47149
2008,Tokyo,12552000,106015,98248
2008,Kanagawa,8784000,79179,63771
2008,Niigata,2380000,18388,24889
2008,Toyama,1088000,8709,11635
2008,Ishikawa,1158000,10199,11012
2008,Fukui,801000,7139,8088
2008,Yamanashi,857000,6908,8736
2008,Nagano,2135000,18129,22692
2008,Gifu,2053000,17506,19478
2008,Shizuoka,3712000,32701,34511
2008,Aichi,7203000,71029,56036
2008,Mie,1828000,15633,17904
2008,Shiga,1375000,13487,11110
2008,Kyoto,2587000,21842,23015
2008,Osaka,8639000,77400,72930
2008,Hyogo,5504000,48833,49074
2008,Nara,1395000,10981,12368
2008,Wakayama,1007000,7866,11679
2008,Tottori,591000,4878,6682
2008,Shimane,720000,5685,9011
2008,Okayama,1930000,17044,19393
2008,Hiroshima,2836000,25560,27150
2008,Yamaguchi,1452000,11560,16900
2008,Tokushima,790000,5893,8882
2008,Kagawa,996000,8600,10645
2008,Ehime,1436000,11561,15777
2008,Kochi,771000,5788,9452
2008,Fukuoka,5013000,46695,45134
2008,Saga,852000,7819,8983
2008,Nagasaki,1434000,12173,15697
2008,Kumamoto,1813000,16462,18951
2008,Oita,1192000,10306,12641
2008,Miyazaki,1133000,10292,11932
2008,Kagoshima,1713000,15445,19943
2008,Okinawa,1369000,16736,9492
2009,Japan,125820000,1070036,1141865
2009,Hokkaido,5489000,40165,53221
2009,Aomori,1375000,9524,15387
2009,Iwate,1335000,9904,15410
2009,Miyagi,2324000,18988,20808
2009,Akita,1093000,7013,13866
2009,Yamagata,1173000,8715,13729
2009,Fukushima,2030000,16326,21568
2009,Ibaraki,2920000,24209,27807
2009,Tochigi,1977000,17004,18777
2009,Gunma,1970000,16310,19421
2009,Saitama,7041000,59725,52374
2009,Chiba,6060000,51839,47819
2009,Tokyo,12596000,106613,98304
2009,Kanagawa,8815000,78057,63745
2009,Niigata,2367000,17948,25148
2009,Toyama,1082000,8426,11480
2009,Ishikawa,1156000,9849,11246
2009,Fukui,798000,7042,8187
2009,Yamanashi,853000,6621,8586
2009,Nagano,2126000,17310,22130
2009,Gifu,2044000,17327,19402
2009,Shizuoka,3705000,31901,34209
2009,Aichi,7220000,69768,55189
2009,Mie,1823000,15614,17590
2009,Shiga,1378000,13151,11036
2009,Kyoto,2581000,21058,23191
2009,Osaka,8638000,75250,73135
2009,Hyogo,5503000,47592,48864
2009,Nara,1391000,10758,12139
2009,Wakayama,1000000,7516,11736
2009,Tottori,587000,4876,6636
2009,Shimane,715000,5601,8854
2009,Okayama,1924000,16387,18948
2009,Hiroshima,2831000,25596,26992
2009,Yamaguchi,1444000,11312,16995
2009,Tokushima,785000,5898,8719
2009,Kagawa,992000,8366,10639
2009,Ehime,1429000,11507,15670
2009,Kochi,764000,5415,9437
2009,Fukuoka,5014000,46084,44879
2009,Saga,849000,7518,8831
2009,Nagasaki,1424000,11838,15491
2009,Kumamoto,1806000,16221,18505
2009,Oita,1187000,9961,12528
2009,Miyazaki,1129000,10170,11959
2009,Kagoshima,1703000,14920,19498
2009,Okinawa,1375000,16744,9923
2010,Japan,126381728,1071305,1197014
2010,Hokkaido,5488092,40158,55404
2010,Aomori,1369629,9712,16030
2010,Iwate,1324924,9745,15756
2010,Miyagi,2335682,19126,21932
2010,Akita,1082603,6688,14288
2010,Yamagata,1162744,8651,14084
2010,Fukushima,2019618,16126,22747
2010,Ibaraki,2929085,23989,28615
2010,Tochigi,1980746,16473,19712
2010,Gunma,1972287,16023,20385
2010,Saitama,7104590,59437,55487
2010,Chiba,6135236,51633,50014
2010,Tokyo,12833956,108135,104238
2010,Kanagawa,8921252,78077,67760
2010,Niigata,2362420,18083,26618
2010,Toyama,1082108,8188,11875
2010,Ishikawa,1159897,9602,11607
2010,Fukui,795496,6874,8417
2010,Yamanashi,850546,6651,9268
2010,Nagano,2122509,17233,23133
2010,Gifu,2043467,16887,20220
2010,Shizuoka,3702776,31896,36420
2010,Aichi,7247125,69872,58477
2010,Mie,1821502,15262,18691
2010,Shiga,1388741,13363,11602
2010,Kyoto,2593340,21234,23714
2010,Osaka,8697550,75080,76556
2010,Hyogo,5507961,47834,51568
2010,Nara,1391395,10694,13036
2010,Wakayama,997305,7587,12049
2010,Tottori,585005,4790,6947
2010,Shimane,712516,5756,9109
2010,Okayama,1926378,16759,20248
2010,Hiroshima,2827820,25546,27561
2010,Yamaguchi,1439011,11551,17646
2010,Tokushima,781300,5904,9307
2010,Kagawa,988786,8397,11064
2010,Ehime,1423425,11427,16344
2010,Kochi,761239,5518,9769
2010,Fukuoka,5030961,46818,46996
2010,Saga,846146,7640,9212
2010,Nagasaki,1420166,12004,16303
2010,Kumamoto,1809626,16246,19219
2010,Oita,1187599,10072,12988
2010,Miyazaki,1131381,10217,12334
2010,Kagoshima,1700683,15124,20294
2010,Okinawa,1385104,17098,10156
2011,Japan,126180000,1050807,1253068
2011,Hokkaido,5467000,39292,56970
2011,Aomori,1360000,9532,16419
2011,Iwate,1309000,9310,22335
2011,Miyagi,2315000,18062,33975
2011,Akita,1072000,6658,14642
2011,Yamagata,1156000,8555,14880
2011,Fukushima,1981000,15072,26106
2011,Ibaraki,2919000,23219,29910
2011,Tochigi,1975000,15913,20469
2011,Gunma,1966000,15637,20930
2011,Saitama,7117000,58059,57670
2011,Chiba,6135000,50379,51689
2011,Tokyo,12869000,106027,105723
2011,Kanagawa,8934000,76000,70946
2011,Niigata,2351000,17667,27320
2011,Toyama,1077000,7823,12264
2011,Ishikawa,1157000,9555,11962
2011,Fukui,793000,6728,8757
2011,Yamanashi,846000,6412,9358
2011,Nagano,2115000,16917,23887
2011,Gifu,2037000,16851,21054
2011,Shizuoka,3694000,31172,37303
2011,Aichi,7262000,68973,59720
2011,Mie,1816000,15080,19271
2011,Shiga,1394000,13338,11884
2011,Kyoto,2590000,20707,24733
2011,Osaka,8699000,73919,78952
2011,Hyogo,5505000,47351,52259
2011,Nara,1387000,10400,13267
2011,Wakayama,990000,7460,12310
2011,Tottori,582000,4931,6958
2011,Shimane,708000,5582,9412
2011,Okayama,1922000,16635,20407
2011,Hiroshima,2824000,25469,28608
2011,Yamaguchi,1431000,11222,17884
2011,Tokushima,776000,5914,9435
2011,Kagawa,985000,8311,11316
2011,Ehime,1416000,11329,16950
2011,Kochi,755000,5244,9884
2011,Fukuoka,5038000,46220,48112
2011,Saga,843000,7613,9472
2011,Nagasaki,1411000,11727,16645
2011,Kumamoto,1805000,16118,20008
2011,Oita,1183000,9988,13806
2011,Miyazaki,1127000,10152,12980
2011,Kagoshima,1693000,15244,21047
2011,Okinawa,1393000,16918,10686
2012,Japan,125957000,1037232,1256359
2012,Hokkaido,5442000,38686,58066
2012,Aomori,1347000,9168,17294
2012,Iwate,1299000,9277,16072
2012,Miyagi,2315000,18707,22101
2012,Akita,1060000,6543,14856
2012,Yamagata,1146000,8212,14752
2012,Fukushima,1955000,13770,23418
2012,Ibaraki,2907000,22896,30009
2012,Tochigi,1968000,15973,20784
2012,Gunma,1959000,14914,21169
2012,Saitama,7126000,56943,59137
2012,Chiba,6119000,48881,53206
2012,Tokyo,12916000,107401,109194
2012,Kanagawa,8947000,75477,71996
2012,Niigata,2336000,17476,28083
2012,Toyama,1072000,7880,12754
2012,Ishikawa,1154000,9544,12223
2012,Fukui,789000,6712,8795
2012,Yamanashi,841000,6336,9555
2012,Nagano,2106000,16661,24474
2012,Gifu,2029000,16496,21531
2012,Shizuoka,3683000,30810,38194
2012,Aichi,7277000,67913,61354
2012,Mie,1811000,14729,19210
2012,Shiga,1396000,13236,12221
2012,Kyoto,2584000,20111,25416
2012,Osaka,8697000,73012,80472
2012,Hyogo,5496000,46436,53657
2012,Nara,1381000,10565,13656
2012,Wakayama,983000,7424,12435
2012,Tottori,578000,4771,7074
2012,Shimane,702000,5585,9513
2012,Okayama,1919000,16279,21181
2012,Hiroshima,2817000,24846,29273
2012,Yamaguchi,1420000,10797,18231
2012,Tokushima,772000,5744,9781
2012,Kagawa,982000,8161,11369
2012,Ehime,1408000,11130,17216
2012,Kochi,749000,5266,10142
2012,Fukuoka,5044000,45815,48957
2012,Saga,840000,7440,9676
2012,Nagasaki,1402000,11723,16784
2012,Kumamoto,1799000,15996,20565
2012,Oita,1178000,9650,14050
2012,Miyazaki,1122000,9858,13051
2012,Kagoshima,1684000,14841,21281
2012,Okinawa,1401000,17074,10626
2013,Japan,125704000,1029817,1268438
2013,Hokkaido,5412000,38190,59432
2013,Aomori,1333000,9126,17112
2013,Iwate,1290000,9231,15970
2013,Miyagi,2317000,18949,22214
2013,Akita,1047000,6177,14824
2013,Yamagata,1136000,8159,15029
2013,Fukushima,1939000,14546,23611
2013,Ibaraki,2894000,22358,30368
2013,Tochigi,1961000,15588,20591
2013,Gunma,1950000,14732,21661
2013,Saitama,7134000,57470,60264
2013,Chiba,6114000,48343,53603
2013,Tokyo,12979000,109986,110507
2013,Kanagawa,8956000,74320,72970
2013,Niigata,2319000,17066,28383
2013,Toyama,1065000,7722,12547
2013,Ishikawa,1150000,9449,12223
2013,Fukui,784000,6461,8764
2013,Yamanashi,836000,6198,9441
2013,Nagano,2095000,16326,24304
2013,Gifu,2018000,16000,21518
2013,Shizuoka,3668000,30260,38393
2013,Aichi,7289000,66825,62395
2013,Mie,1802000,14514,19690
2013,Shiga,1397000,13015,12233
2013,Kyoto,2576000,20106,25332
2013,Osaka,8690000,72054,81864
2013,Hyogo,5483000,45673,54366
2013,Nara,1374000,10190,14029
2013,Wakayama,975000,7122,12773
2013,Tottori,574000,4759,7270
2013,Shimane,697000,5534,9572
2013,Okayama,1913000,16210,21199
2013,Hiroshima,2809000,24713,29358
2013,Yamaguchi,1408000,10705,18459
2013,Tokushima,766000,5666,10014
2013,Kagawa,979000,8059,11512
2013,Ehime,1398000,10696,17480
2013,Kochi,742000,5266,10244
2013,Fukuoka,5047000,45898,49456
2013,Saga,836000,7276,9640
2013,Nagasaki,1391000,11566,17225
2013,Kumamoto,1793000,15954,20237
2013,Oita,1170000,9605,13874
2013,Miyazaki,1116000,9854,12906
2013,Kagoshima,1674000,14637,21162
2013,Okinawa,1407000,17209,10956
2014,Japan,125431000,1003609,1273025
2014,Hokkaido,5381000,37058,60019
2014,Aomori,1318000,8853,17042
2014,Iwate,1280000,8803,16274
2014,Miyagi,2316000,18069,22854
2014,Akita,1034000,5998,15096
2014,Yamagata,1125000,7966,15032
2014,Fukushima,1928000,14518,23496
2014,Ibaraki,2881000,21932,30353
2014,Tochigi,1954000,15442,20755
2014,Gunma,1941000,14522,21441
2014,Saitama,7143000,55765,61269
2014,Chiba,6114000,46753,53978
2014,Tokyo,13044000,110629,111024
2014,Kanagawa,8967000,72997,74387
2014,Niigata,2302000,16480,28316
2014,Toyama,1059000,7556,12584
2014,Ishikawa,1146000,8961,12190
2014,Fukui,780000,6166,8817
2014,Yamanashi,830000,6063,9755
2014,Nagano,2083000,15848,24752
2014,Gifu,2008000,15138,21658
2014,Shizuoka,3651000,28684,38342
2014,Aichi,7298000,65219,62426
2014,Mie,1793000,13727,19525
2014,Shiga,1397000,12729,12266
2014,Kyoto,2569000,19583,25507
2014,Osaka,8678000,69968,81653
2014,Hyogo,5468000,44352,54147
2014,Nara,1367000,9625,13835
2014,Wakayama,967000,7140,12609
2014,Tottori,571000,4527,7076
2014,Shimane,692000,5359,9369
2014,Okayama,1907000,15837,21051
2014,Hiroshima,2801000,23776,29463
2014,Yamaguchi,1397000,10197,17910
2014,Tokushima,760000,5502,9853
2014,Kagawa,974000,7745,11503
2014,Ehime,1388000,10399,17529
2014,Kochi,735000,5015,9984
2014,Fukuoka,5046000,45203,49317
2014,Saga,831000,7159,9732
2014,Nagasaki,1380000,11323,17091
2014,Kumamoto,1785000,15558,20461
2014,Oita,1163000,9280,14066
2014,Miyazaki,1110000,9509,13110
2014,Kagoshima,1662000,14236,21413
2014,Okinawa,1411000,16375,11362
2015,Japan,125319299,1005721,1290510
2015,Hokkaido,5360032,36696,60667
2015,Aomori,1304813,8621,17148
2015,Iwate,1274574,8814,16502
2015,Miyagi,2319616,18023,23121
2015,Akita,1020199,5861,14794
2015,Yamagata,1118381,7831,14960
2015,Fukushima,1905278,14195,24205
2015,Ibaraki,2875434,21700,31025
2015,Tochigi,1947505,15306,20519
2015,Gunma,1935898,14256,21519
2015,Saitama,7160471,56078,62566
2015,Chiba,6130930,47019,56080
2015,Tokyo,13131172,113194,111673
2015,Kanagawa,8979438,73476,75765
2015,Niigata,2292676,16340,28297
2015,Toyama,1055528,7567,12731
2015,Ishikawa,1144626,9072,12280
2015,Fukui,777192,6230,8971
2015,Yamanashi,823723,5988,9637
2015,Nagano,2072135,15639,24536
2015,Gifu,1996303,15467,21999
2015,Shizuoka,3640343,28352,39518
2015,Aichi,7315314,65615,64061
2015,Mie,1784379,13950,20139
2015,Shiga,1392890,12622,12507
2015,Kyoto,2565573,19663,25495
2015,Osaka,8683865,70596,83577
2015,Hyogo,5456154,44016,55391
2015,Nara,1355570,9832,13920
2015,Wakayama,958901,7030,12549
2015,Tottori,570037,4624,7271
2015,Shimane,688953,5551,9604
2015,Okayama,1903981,15599,21525
2015,Hiroshima,2808773,23679,29880
2015,Yamaguchi,1393199,10360,18211
2015,Tokushima,751830,5586,9847
2015,Kagawa,969270,7719,11593
2015,Ehime,1377071,10146,17585
2015,Kochi,725032,5052,10020
2015,Fukuoka,5053500,45236,50262
2015,Saga,828944,7064,9702
2015,Nagasaki,1369432,11020,16855
2015,Kumamoto,1777726,15577,20692
2015,Oita,1157581,9113,13958
2015,Miyazaki,1100364,9226,13494
2015,Kagoshima,1642281,14125,21354
2015,Okinawa,1422412,16942,11326
2016,Japan,125020252,977242,1308158
2016,Hokkaido,5327000,35129,61920
2016,Aomori,1290000,8626,17309
2016,Iwate,1263000,8342,16959
2016,Miyagi,2314000,17399,23523
2016,Akita,1007000,5666,15244
2016,Yamagata,1107000,7547,15181
2016,Fukushima,1891000,13745,24166
2016,Ibaraki,2861000,20878,31414
2016,Tochigi,1939000,14621,21436
2016,Gunma,1926000,13661,22127
2016,Saitama,7169000,54452,63470
2016,Chiba,6137000,45389,56398
2016,Tokyo,13207000,111964,113415
2016,Kanagawa,8986000,70649,77363
2016,Niigata,2273000,15737,28822
2016,Toyama,1049000,7302,12864
2016,Ishikawa,1140000,8928,12422
2016,Fukui,772000,6114,9228
2016,Yamanashi,818000,5819,9565
2016,Nagano,2060000,15171,25114
2016,Gifu,1985000,14831,22474
2016,Shizuoka,3623000,27654,39297
2016,Aichi,7324000,64231,65227
2016,Mie,1775000,13376,20098
2016,Shiga,1392000,12073,12507
2016,Kyoto,2559000,19327,25830
2016,Osaka,8672000,68817,84391
2016,Hyogo,5438000,43379,55422
2016,Nara,1347000,9430,14054
2016,Wakayama,949000,6659,12620
2016,Tottori,566000,4436,7357
2016,Shimane,684000,5300,9562
2016,Okayama,1896000,15477,21532
2016,Hiroshima,2799000,22736,29994
2016,Yamaguchi,1381000,9844,18366
2016,Tokushima,746000,5346,9855
2016,Kagawa,964000,7510,11908
2016,Ehime,1366000,9911,17734
2016,Kochi,718000,4779,10305
2016,Fukuoka,5054000,44036,51011
2016,Saga,824000,6811,9725
2016,Nagasaki,1358000,10886,17071
2016,Kumamoto,1765000,14896,21379
2016,Oita,1150000,9059,14264
2016,Miyazaki,1092000,8929,13702
2016,Kagoshima,1630000,13688,21610
2016,Okinawa,1427000,16617,11706
2017,Japan,124648471,946146,1340567
2017,Hokkaido,5292000,34058,62451
2017,Aomori,1274000,8035,17575
2017,Iwate,1249000,8175,17232
2017,Miyagi,2305000,16681,23973
2017,Akita,992000,5396,15425
2017,Yamagata,1095000,7259,15332
2017,Fukushima,1871000,13219,24778
2017,Ibaraki,2847000,20431,32261
2017,Tochigi,1930000,14029,21829
2017,Gunma,1913000,13280,22587
2017,Saitama,7174000,53076,65770
2017,Chiba,6141000,44055,59013
2017,Tokyo,13273000,108990,116453
2017,Kanagawa,8989000,68133,80354
2017,Niigata,2253000,14967,29323
2017,Toyama,1043000,7178,13161
2017,Ishikawa,1136000,8696,12727
2017,Fukui,767000,5856,9347
2017,Yamanashi,811000,5705,9678
2017,Nagano,2047000,14525,25674
2017,Gifu,1970000,14040,22968
2017,Shizuoka,3605000,26261,41078
2017,Aichi,7328000,62436,67177
2017,Mie,1763000,12663,20531
2017,Shiga,1390000,11600,13083
2017,Kyoto,2551000,18521,26431
2017,Osaka,8657000,66605,87086
2017,Hyogo,5417000,41606,56584
2017,Nara,1338000,8965,14486
2017,Wakayama,939000,6465,12772
2017,Tottori,561000,4310,7536
2017,Shimane,678000,5109,9694
2017,Okayama,1888000,14910,21604
2017,Hiroshima,2789000,22150,30795
2017,Yamaguchi,1369000,9455,18712
2017,Tokushima,739000,5182,10207
2017,Kagawa,959000,7387,11894
2017,Ehime,1354000,9569,18149
2017,Kochi,710000,4837,10150
2017,Fukuoka,5051000,43440,52531
2017,Saga,819000,6743,9974
2017,Nagasaki,1346000,10558,17515
2017,Kumamoto,1754000,14657,21588
2017,Oita,1142000,8658,14398
2017,Miyazaki,1083000,8797,13749
2017,Kagoshima,1617000,13209,21833
2017,Okinawa,1429000,16218,11945
2018,Japan,124218285,918400,1362470
2018,Hokkaido,5253000,32642,64187
2018,Aomori,1258000,7803,17936
2018,Iwate,1234000,7615,17390
2018,Miyagi,2296000,16211,24520
2018,Akita,978000,5040,15434
2018,Yamagata,1083000,6973,15320
2018,Fukushima,1851000,12495,24747
2018,Ibaraki,2829000,19368,32927
2018,Tochigi,1919000,13495,21885
2018,Gunma,1901000,12922,22937
2018,Saitama,7175000,51241,67726
2018,Chiba,6143000,43404,59561
2018,Tokyo,13340000,107150,119253
2018,Kanagawa,8993000,66564,82336
2018,Niigata,2230000,14509,30068
2018,Toyama,1035000,6846,13066
2018,Ishikawa,1130000,8359,12723
2018,Fukui,762000,5826,9221
2018,Yamanashi,805000,5556,9916
2018,Nagano,2032000,14184,25422
2018,Gifu,1956000,13720,23062
2018,Shizuoka,3582000,25192,41972
2018,Aichi,7323000,61230,68833
2018,Mie,1751000,12582,20900
2018,Shiga,1388000,11350,13246
2018,Kyoto,2539000,17909,26654
2018,Osaka,8639000,65446,89494
2018,Hyogo,5394000,39713,57452
2018,Nara,1329000,8947,14674
2018,Wakayama,929000,6070,13062
2018,Tottori,556000,4190,7309
2018,Shimane,671000,4887,9724
2018,Okayama,1877000,14485,22429
2018,Hiroshima,2776000,21363,31346
2018,Yamaguchi,1355000,8987,18836
2018,Tokushima,731000,4998,10011
2018,Kagawa,952000,6899,12169
2018,Ehime,1342000,9330,18207
2018,Kochi,702000,4559,10251
2018,Fukuoka,5047000,42008,53309
2018,Saga,813000,6535,10112
2018,Nagasaki,1333000,10135,17714
2018,Kumamoto,1743000,14301,21380
2018,Oita,1132000,8200,14492
2018,Miyazaki,1074000,8434,13981
2018,Kagoshima,1604000,12956,22106
2018,Okinawa,1432000,15732,12157
2019,Japan,123731176,865239,1381093
2019,Hokkaido,5211000,31020,65498
2019,Aomori,1240000,7170,18424
2019,Iwate,1219000,6974,17826
2019,Miyagi,2283000,14947,25202
2019,Akita,963000,4696,15784
2019,Yamagata,1070000,6401,15719
2019,Fukushima,1831000,11552,25004
2019,Ibaraki,2810000,18004,33440
2019,Tochigi,1906000,12608,22138
2019,Gunma,1886000,11901,23254
2019,Saitama,7174000,48298,69537
2019,Chiba,6141000,40799,62004
2019,Tokyo,13405000,101818,120870
2019,Kanagawa,8997000,63035,83968
2019,Niigata,2206000,13640,30572
2019,Toyama,1026000,6604,13207
2019,Ishikawa,1123000,7808,12900
2019,Fukui,756000,5307,9593
2019,Yamanashi,798000,5193,10083
2019,Nagano,2016000,13553,26041
2019,Gifu,1940000,12776,23417
2019,Shizuoka,3557000,23457,42190
2019,Aichi,7316000,57145,69932
2019,Mie,1736000,11690,20811
2019,Shiga,1385000,10627,13221
2019,Kyoto,2527000,16993,27028
2019,Osaka,8623000,62557,90410
2019,Hyogo,5369000,38043,57938
2019,Nara,1319000,8323,14660
2019,Wakayama,918000,5869,12837
2019,Tottori,551000,3988,7605
2019,Shimane,665000,4594,9710
2019,Okayama,1866000,13695,21944
2019,Hiroshima,2761000,20034,31237
2019,Yamaguchi,1340000,8771,19081
2019,Tokushima,723000,4554,10126
2019,Kagawa,945000,6631,12148
2019,Ehime,1328000,8446,18281
2019,Kochi,693000,4270,10317
2019,Fukuoka,5039000,39754,54099
2019,Saga,808000,6231,9967
2019,Nagasaki,1318000,9585,17612
2019,Kumamoto,1731000,13305,21670
2019,Oita,1123000,7624,14614
2019,Miyazaki,1065000,8043,13788
2019,Kagoshima,1589000,11977,21834
2019,Okinawa,1434000,14902,12509
2020,Japan,123398962,840835,1372755
2020,Hokkaido,5188441,29523,65078
2020,Aomori,1232227,6837,17905
2020,Iwate,1203203,6718,17204
2020,Miyagi,2280203,14480,24632
2020,Akita,955659,4499,15379
2020,Yamagata,1060586,6217,15348
2020,Fukushima,1819085,11215,24515
2020,Ibaraki,2801640,17389,32931
2020,Tochigi,1891396,11808,21702
2020,Gunma,1879820,11660,23286
2020,Saitama,7159087,47328,70758
2020,Chiba,6122205,40168,62118
2020,Tokyo,13484028,99661,121219
2020,Kanagawa,9006608,60865,84601
2020,Niigata,2185171,12981,29455
2020,Toyama,1017321,6256,12981
2020,Ishikawa,1117364,7712,12721
2020,Fukui,752018,5313,9286
2020,Yamanashi,794358,5184,9796
2020,Nagano,2013539,12864,25428
2020,Gifu,1924681,12092,22720
2020,Shizuoka,3540934,22497,42191
2020,Aichi,7283260,55613,70518
2020,Mie,1718708,11141,20716
2020,Shiga,1380486,10437,13039
2020,Kyoto,2520012,16440,26860
2020,Osaka,8595483,61878,91644
2020,Hyogo,5356648,36953,58654
2020,Nara,1311730,7831,14678
2020,Wakayama,916179,5732,12610
2020,Tottori,548766,3783,7096
2020,Shimane,662115,4473,9585
2020,Okayama,1859012,13521,21788
2020,Hiroshima,2746811,19606,30244
2020,Yamaguchi,1326043,8203,18477
2020,Tokushima,713716,4521,9886
2020,Kagawa,937342,6179,12183
2020,Ehime,1322257,8102,18036
2020,Kochi,686982,4082,9998
2020,Fukuoka,5055456,38966,53273
2020,Saga,804878,6004,9963
2020,Nagasaki,1303067,9182,17646
2020,Kumamoto,1722005,13011,21156
2020,Oita,1111592,7582,14444
2020,Miyazaki,1062573,7720,14140
2020,Kagoshima,1577022,11638,21501
2020,Okinawa,1447245,14943,12390
2021,Japan,122780487,811622,1439856
2021,Hokkaido,5147000,28762,69023
2021,Aomori,1216000,6513,18785
2021,Iwate,1189000,6472,17631
2021,Miyagi,2269000,13761,25897
2021,Akita,941000,4335,16019
2021,Yamagata,1048000,5898,15753
2021,Fukushima,1799000,10649,25559
2021,Ibaraki,2785000,16502,33814
2021,Tochigi,1880000,11475,22712
2021,Gunma,1866000,11236,24304
2021,Saitama,7152000,45424,75164
2021,Chiba,6114000,38426,65244
2021,Tokyo,13459000,95404,127649
2021,Kanagawa,9007000,58836,89701
2021,Niigata,2161000,12608,30990
2021,Toyama,1008000,6076,13650
2021,Ishikawa,1111000,7258,13214
2021,Fukui,746000,5223,9721
2021,Yamanashi,789000,4966,10107
2021,Nagano,1999000,12514,26001
2021,Gifu,1907000,11730,24126
2021,Shizuoka,3515000,21571,43194
2021,Aichi,7261000,53918,73769
2021,Mie,1705000,10980,21639
2021,Shiga,1377000,10130,13674
2021,Kyoto,2505000,15818,28316
2021,Osaka,8565000,59780,97282
2021,Hyogo,5324000,35581,61980
2021,Nara,1302000,7751,15573
2021,Wakayama,907000,5514,12930
2021,Tottori,544000,3708,7605
2021,Shimane,655000,4415,9851
2021,Okayama,1847000,13107,22857
2021,Hiroshima,2729000,18636,31774
2021,Yamaguchi,1312000,7978,19406
2021,Tokushima,706000,4337,10465
2021,Kagawa,930000,6223,12329
2021,Ehime,1309000,8011,18770
2021,Kochi,680000,4090,10423
2021,Fukuoka,5045000,37540,56410
2021,Saga,800000,5853,10145
2021,Nagasaki,1288000,8862,18248
2021,Kumamoto,1712000,12670,22093
2021,Oita,1102000,7327,15104
2021,Miyazaki,1054000,7590,14520
2021,Kagoshima,1565000,11618,21979
2021,Okinawa,1449000,14535,13582
2022,Japan,122030523,770759,1569050
2022,Hokkaido,5098000,26407,74437
2022,Aomori,1198000,5985,20117
2022,Iwate,1173000,5788,19342
2022,Miyagi,2256000,12852,28040
2022,Akita,926000,3992,17256
2022,Yamagata,1033000,5674,16883
2022,Fukushima,1776000,9709,27394
2022,Ibaraki,2767000,15905,37256
2022,Tochigi,1865000,10518,24992
2022,Gunma,1850000,10688,26589
2022,Saitama,7136000,43451,82221
2022,Chiba,6100000,36966,72258
2022,Tokyo,13443000,91097,139264
2022,Kanagawa,8991000,56498,98821
2022,Niigata,2136000,11732,32313
2022,Toyama,998000,6022,15052
2022,Ishikawa,1102000,7075,14316
2022,Fukui,738000,4861,10519
2022,Yamanashi,784000,4759,11090
2022,Nagano,1984000,12143,28503
2022,Gifu,1888000,11124,26175
2022,Shizuoka,3484000,20575,47334
2022,Aichi,7228000,51152,81183
2022,Mie,1689000,10489,23341
2022,Shiga,1373000,9766,15043
2022,Kyoto,2485000,15068,31491
2022,Osaka,8524000,57315,106277
2022,Hyogo,5287000,33565,66541
2022,Nara,1291000,7315,17166
2022,Wakayama,896000,5238,14308
2022,Tottori,539000,3752,8031
2022,Shimane,648000,4161,10434
2022,Okayama,1832000,12371,24901
2022,Hiroshima,2708000,17903,34940
2022,Yamaguchi,1297000,7762,20687
2022,Tokushima,698000,4148,10968
2022,Kagawa,920000,5802,13552
2022,Ehime,1294000,7572,19993
2022,Kochi,671000,3721,11472
2022,Fukuoka,5030000,35970,61302
2022,Saga,793000,5552,11204
2022,Nagasaki,1272000,8364,19309
2022,Kumamoto,1699000,11875,24427
2022,Oita,1092000,6798,16266
2022,Miyazaki,1044000,7136,16111
2022,Kagoshima,1550000,10540,23925
2022,Okinawa,1446000,13594,15054